"","WAIC","DIC","CPO","MMLIK","Eff no par (WAIC)"
"1",20436.1507443708,20399.9719593926,-10218.749557383,-10518.151414295,167.389536186328
